{
    "RMSE": 2272.966571888812,
    "MAE": 1192.5641323629795,
    "R2": 0.7868443177351512
}